<?xml version='1.0' encoding='UTF-8'?>
<faces-config version="2.2"
              xmlns="http://xmlns.jcp.org/xml/ns/javaee"
              xmlns:xsi="http://www.w3.org/2001/XMLSchema-instance"
              xsi:schemaLocation="http://xmlns.jcp.org/xml/ns/javaee http://xmlns.jcp.org/xml/ns/javaee/web-facesconfig_2_2.xsd">
    
    <application>
        <resource-bundle>
            <base-name>ru.web.nls.messages</base-name>
            <var>msg</var>
        </resource-bundle>            
    </application>>    
    
    <managed-bean>
        <managed-bean-name>SearchController</managed-bean-name>
        <managed-bean-class>ru.web.controllers.SearchController</managed-bean-class>
        <managed-bean-scope>session</managed-bean-scope>
    </managed-bean>
    <navigation-rule>
        <from-view-id>/pages/post.xhtml</from-view-id>
        <navigation-case>
            <from-outcome>registration</from-outcome>
            <to-view-id>/pages/registration.xhtml</to-view-id>
            <redirect />
        </navigation-case>
    </navigation-rule>
</faces-config>
