<?xml version="1.0"?>
<!DOCTYPE hibernate-mapping PUBLIC "-//Hibernate/Hibernate Mapping DTD 3.0//EN"
"http://www.hibernate.org/dtd/hibernate-mapping-3.0.dtd">
<!-- Generated 03.12.2014 16:53:14 by Hibernate Tools 4.3.1 -->
<hibernate-mapping>
    <class name="ru.web.entity.WpPosts" table="wp_posts" catalog="loveukr" optimistic-lock="version">
        <id name="id" type="java.lang.Long">
            <column name="ID" />
            <generator class="identity" />
        </id>
        <property name="postAuthor" type="long">
            <column name="post_author" not-null="true" />
        </property>
        <property name="postDate" type="timestamp">
            <column name="post_date" length="19" not-null="true" />
        </property>
        <property name="postDateGmt" type="timestamp">
            <column name="post_date_gmt" length="19" not-null="true" />
        </property>
        <property name="postContent" type="string">
            <column name="post_content" not-null="true" />
        </property>
        <property name="postTitle" type="string">
            <column name="post_title" length="65535" not-null="true" />
        </property>
        <property name="postExcerpt" type="string">
            <column name="post_excerpt" length="65535" not-null="true" />
        </property>
        <property name="postStatus" type="string">
            <column name="post_status" length="20" not-null="true" />
        </property>
        <property name="commentStatus" type="string">
            <column name="comment_status" length="20" not-null="true" />
        </property>
        <property name="pingStatus" type="string">
            <column name="ping_status" length="20" not-null="true" />
        </property>
        <property name="postPassword" type="string">
            <column name="post_password" length="20" not-null="true" />
        </property>
        <property name="postName" type="string">
            <column name="post_name" length="200" not-null="true" />
        </property>
        <property name="toPing" type="string">
            <column name="to_ping" length="65535" not-null="true" />
        </property>
        <property name="pinged" type="string">
            <column name="pinged" length="65535" not-null="true" />
        </property>
        <property name="postModified" type="timestamp">
            <column name="post_modified" length="19" not-null="true" />
        </property>
        <property name="postModifiedGmt" type="timestamp">
            <column name="post_modified_gmt" length="19" not-null="true" />
        </property>
        <property name="postContentFiltered" type="string">
            <column name="post_content_filtered" not-null="true" />
        </property>
        <property name="postParent" type="long">
            <column name="post_parent" not-null="true" />
        </property>
        <property name="guid" type="string">
            <column name="guid" not-null="true" />
        </property>
        <property name="menuOrder" type="int">
            <column name="menu_order" not-null="true" />
        </property>
        <property name="postType" type="string">
            <column name="post_type" length="20" not-null="true" />
        </property>
        <property name="postMimeType" type="string">
            <column name="post_mime_type" length="100" not-null="true" />
        </property>
        <property name="commentCount" type="long">
            <column name="comment_count" not-null="true" />
        </property>
        <property name="postIcon" type="string">
            <column name="post_icon" />
        </property>
    </class>
</hibernate-mapping>
