<?xml version="1.0"?>
<!DOCTYPE hibernate-mapping PUBLIC "-//Hibernate/Hibernate Mapping DTD 3.0//EN"
"http://www.hibernate.org/dtd/hibernate-mapping-3.0.dtd">
<!-- Generated 03.12.2014 16:53:14 by Hibernate Tools 4.3.1 -->
<hibernate-mapping>
    <class name="ru.web.entity.WpTerms" table="wp_terms" catalog="loveukr" optimistic-lock="version">
        <id name="termId" type="java.lang.Long">
            <column name="term_id" />
            <generator class="identity" />
        </id>
        <property name="name" type="string">
            <column name="name" length="200" not-null="true" />
        </property>
        <property name="slug" type="string">
            <column name="slug" length="200" not-null="true" unique="true" />
        </property>
        <property name="termGroup" type="long">
            <column name="term_group" not-null="true" />
        </property>
        <property name="termOrder" type="java.lang.Integer">
            <column name="term_order" />
        </property>
        <property name="termIcon" type="string">
            <column name="term_icon" />
        </property>
    </class>
</hibernate-mapping>
